number,outcome,survival time,OS
57-10,DOD,20.68852459,1
59-19,DOD,1.901639344,1
54-6,CDF,39.14754098,0
60-8,DOD,36.6557377,0
51-4,DOD,5.180327869,1
116-2,CDF,36.19672131,0
53-6,DOD,43.57377049,0
55-12,DOD,38.78688525,0
115-12,AWD,58.8852459,0
31-2,CDF,66.2295082,0
32-4,DOD,37.60655738,0
36-3,NED,62.2295082,0
38-4,DOD,35.73770492,1
39-4,AWD,61.7704918,0
43-11,CDF,55.21311475,0
44-8,CDF,60.16393443,0
118-4,CDF,63.14754098,0
34-2,DOD,9.37704918,1
41-12,CDF,59.3442623,0
45-5,NED,59.47540984,1
46-2,CDF,54.6557377,0
1-2,DOD,10.03278689,1
2-1,DOD,3.967213115,1
11-1,DOD,16.55737705,1
13-1,DOD,25.37704918,1
14-2,DOD,11.67213115,1
21-6,DOD,18.16393443,1
91-2,DOD,37.57377049,1
95-8,DOD,33.83606557,1
110-2,DOD,29.57377049,1
112-1-6,DOD,8.06557377,1
113-1,DOD,34.09836066,1
120-2,DOD,11.18032787,1
121-2,DOD,25.96721311,1
122-7,DOD,35.27868852,1
